nome,telefone_original,whatsapp,email
CRIUS Tecnologia,(67) 99216-9698,5567992169698,contato@crius.com.br
Quality Sistemas,(67) 3383-8194,556733838194,contato@qualitysistemas.com.br
Solução Sistemas,(67) 4042-7490,556740427490,
Coliseu Sistemas - Campo Grande,(67) 3423-2227,556734232227,
Conext Tecnologias,(67) 3211-9417,556732119417,
Harucode,(67) 99102-2613,5567991022613,
Tecdisa Tecnologia,(67) 4042-1910,556740421910,
Autech Sistemas,(67) 99141-5981,5567991415981,
Gerencial Informática,(67) 98119-0011,5567981190011,francisco@gerencialinfo.com.br
Very Software,(67) 99129-7424,5567991297424,suporte@verysoftware.com.br
DLL Softwares,(67) 98193-0012,5567981930012,comercial@dllinfo.com
Frigo-Data Informática,(67) 98118-8340,5567981188340,comercial@frigo-data.com.br
CTI – Centro Técnico de Informática,(67) 99293-1074,5567992931074,contato@ctinformaticams.com.br
Digix,(67) 3345-6565,556733456565,
Gerbov - Soluções em Software para o Agronegócio,(67) 98409-1554,5567984091554,
Inova Techy - Soluções em TI,(67) 99984-2045,5567999842045,
Netsystem Informática - Automação Comercial,(67) 3325-7599,556733257599,
Fiorilli Software - MS,(67) 3327-0011,556733270011,
CIGAM Software de Gestão,(67) 3342-5200,556733425200,
Alterdata Software - Representante Campo Grande/MS,(67) 3304-8313,556733048313,
Inovvati Tecnologia,(67) 3382-4458,556733824458,
Patrizi Sistemas Comerciais,(67) 98484-5515,5567984845515,
Grupo Imagetech - Sede Tecnológica,(67) 3357-0700,556733570700,
Atlas Tecnologia e Automação Ltda,(67) 99648-2743,5567996482743,
AZ Tecnologia em Gestão,(67) 3303-2700,556733032700,
GS Tecnologia da Informação Ltda.,(67) 3341-9008,556733419008,
Mais Code Tecnologia,(67) 3211-8509,556732118509,
Lxtec Informática,(67) 3326-1043,556733261043,
Byter Tecnologias,(67) 3026-3020,556730263020,
Argo Soluções,(67) 99285-9942,5567992859942,
MorenaFlow,(67) 99327-6578,5567993276578,contato@morenaflow.com.br
SOFTMS,(67) 99998-2114,5567999982114,contato@softms.com.br
CapivApp,(67) 99276-1610,5567992761610,contato@capivapp.com.br
Codifica,(67) 4042-4422,556740424422,contato@codifica.com.br
S5TI Soluções em Tecnologia,(67) 99202-4371,5567992024371,contato@s5ti.com.br
Coutos Software,(67) 99999-9999,5567999999999,contato@coutossoftware.com.br
